{"success": true, "score": 79.33333333333333, "scoreJson": {"score": 79.33333333333333, "mean_recall": 79.33333333333333, "r1": 62.0, "r5": 82.0, "r10": 94.0}}