{"success": true, "score": 73.33333333333333, "scoreJson": {"score": 73.33333333333333, "mean_recall": 73.33333333333333, "r1": 57.99999999999999, "r5": 78.0, "r10": 84.0}}