{"success": true, "score": 83.33333333333334, "scoreJson": {"score": 83.33333333333334, "mean_recall": 83.33333333333334, "r1": 72.0, "r5": 86.0, "r10": 92.0}}