{"success": true, "score": 85.33333333333334, "scoreJson": {"score": 85.33333333333334, "mean_recall": 85.33333333333334, "r1": 70.0, "r5": 90.0, "r10": 96.0}}